doc_id,domain,split,metric_a,metric_b,quality,weighted,confidence
102,biomed,train,0.91,0.51,0.88,0.3441,88.0
103,biomed,dev,0.65,0.48,0.71,0.28049999999999997,71.0
105,legal,train,0.88,0.55,0.84,0.34979999999999994,84.0
106,legal,dev,0.61,0.28,0.63,0.2121,63.0
100,news,train,0.81,0.42,0.92,0.2961,92.0
104,news,dev,0.79,0.39,NaN,0.2829,NaN
107,news,dev,0.79,0.39,0.76,0.2829,76.0
101,news,train,0.72,0.33,NaN,0.25020000000000003,NaN
