doc_id,domain,split,metric_a,metric_b,quality,weighted,confidence
106.0,legal,dev,0.61,0.28,0.63,0.2121,63.0
101.0,news,train,0.72,0.33,0.0,0.25020000000000003,0.0
103.0,biomed,dev,0.65,0.48,0.71,0.28049999999999997,71.0
